avg_ndcg,avg_novelty,avg_precision,avg_recall,successful_evaluations,total_users
0.06491176304671195,0.9998195691109244,0.014285714285714287,0.01488095238095238,28,30
