user_id,ndcg,novelty,precision,recall,num_recommendations,num_train_items,num_test_items
0,0.0,0.9999856733721714,0.0,0.0,5,29,8
1,0.0,0.9993831284671473,0.0,0.0,5,5,2
2,0.0,0.9999900815653493,0.0,0.0,5,9,3
3,0.0,0.9999231321314579,0.0,0.0,5,8,3
4,0.0,0.9991136776591392,0.0,0.0,5,12,4
5,1.0,0.99967875292215,0.0,0.0,5,27,7
6,0.0,0.9996495486423453,0.0,0.0,5,8,3
8,0.0,0.9999873264446132,0.0,0.0,5,23,6
9,0.0,0.999971071232269,0.0,0.0,5,16,5
